Transcript	Intron	CJB66D-A_end	CJB66D-B_end	CJB66D-W_end	CJB66G-A_end	CJB66G-B_end	CJB66G-W_end	CJB67D-A_end	CJB67D-B_end	CJB67D-W_end	CJB67G-A_end	CJB67G-B_end	CJB67G-W_end	CJB66D-A_total	CJB66D-B_total	CJB66D-W_total	CJB66G-A_total	CJB66G-B_total	CJB66G-W_total	CJB67D-A_total	CJB67D-B_total	CJB67D-W_total	CJB67G-A_total	CJB67G-B_total	CJB67G-W_total	Length	CJB67D-A_end_norm	CJB67G-A_end_norm
CNAG_00128T0	1	0	0	0	0	0	0	0	0	0	0	0	0	53.0	112.0	236.0	26.0	239.0	288.0	96.0	118.0	193.0	78.0	102.0	183.0	4324	0.0	0.0
CNAG_00128T0	2	0	0	0	0	0	0	0	0	0	0	0	0	53.0	112.0	236.0	26.0	239.0	288.0	96.0	118.0	193.0	78.0	102.0	183.0	4324	0.0	0.0
CNAG_00128T0	3	0	0	0	0	0	0	0	1	0	0	0	0	53.0	112.0	236.0	26.0	239.0	288.0	96.0	118.0	193.0	78.0	102.0	183.0	4324	0.0	0.0
CNAG_00128T0	4	2	0	0	0	0	0	3	0	0	0	0	0	53.0	112.0	236.0	26.0	239.0	288.0	96.0	118.0	193.0	78.0	102.0	183.0	4324	0.215454749876	0.0
CNAG_00128T0	5	0	0	0	0	0	0	3	0	0	0	0	0	53.0	112.0	236.0	26.0	239.0	288.0	96.0	118.0	193.0	78.0	102.0	183.0	4324	0.215454749876	0.0
CNAG_00128T0	6	0	0	0	0	0	0	0	0	0	0	0	0	53.0	112.0	236.0	26.0	239.0	288.0	96.0	118.0	193.0	78.0	102.0	183.0	4324	0.0	0.0
CNAG_00128T0	7	0	0	0	0	0	0	0	0	0	0	0	0	53.0	112.0	236.0	26.0	239.0	288.0	96.0	118.0	193.0	78.0	102.0	183.0	4324	0.0	0.0
CNAG_00128T0	8	0	0	0	0	0	0	0	0	0	0	0	0	53.0	112.0	236.0	26.0	239.0	288.0	96.0	118.0	193.0	78.0	102.0	183.0	4324	0.0	0.0
CNAG_00128T0	9	0	0	0	0	0	1	1	0	0	0	0	0	53.0	112.0	236.0	26.0	239.0	288.0	96.0	118.0	193.0	78.0	102.0	183.0	4324	0.0239394166529	0.0
CNAG_00128T0	10	0	0	0	0	0	0	0	1	0	0	0	0	53.0	112.0	236.0	26.0	239.0	288.0	96.0	118.0	193.0	78.0	102.0	183.0	4324	0.0	0.0
CNAG_00128T0	11	0	0	0	0	0	0	0	0	0	0	0	0	53.0	112.0	236.0	26.0	239.0	288.0	96.0	118.0	193.0	78.0	102.0	183.0	4324	0.0	0.0
CNAG_00549T0	1	0	0	0	0	0	0	0	0	0	1	0	0	46.0	84.0	92.0	13.0	135.0	113.0	60.0	43.0	74.0	107.0	101.0	78.0	1531	0.0	0.00164347488672
CNAG_00549T0	2	3	0	0	0	0	0	0	0	0	4	0	0	46.0	84.0	92.0	13.0	135.0	113.0	60.0	43.0	74.0	107.0	101.0	78.0	1531	0.0	0.0262955981875
CNAG_00549T1	1	0	0	0	0	0	0	0	0	0	1	0	0	46.0	84.0	92.0	13.0	135.0	113.0	60.0	43.0	74.0	107.0	101.0	78.0	1531	0.0	0.00164347488672
CNAG_00665T0	1	4	0	0	0	0	0	4	0	0	3	0	0	93.0	225.0	1058.0	88.0	669.0	1064.0	399.0	386.0	1289.0	147.0	190.0	930.0	3530	0.117092276271	0.00786272985279
CNAG_00665T0	2	2	0	0	1	1	0	13	3	0	1	0	0	93.0	225.0	1058.0	88.0	669.0	1064.0	399.0	386.0	1289.0	147.0	190.0	930.0	3530	1.23678716812	0.00087363665031
CNAG_00665T0	3	0	0	0	1	0	0	5	0	0	1	0	0	93.0	225.0	1058.0	88.0	669.0	1064.0	399.0	386.0	1289.0	147.0	190.0	930.0	3530	0.182956681674	0.00087363665031
CNAG_00665T0	4	0	0	0	0	0	0	1	0	0	0	0	0	93.0	225.0	1058.0	88.0	669.0	1064.0	399.0	386.0	1289.0	147.0	190.0	930.0	3530	0.00731826726696	0.0
CNAG_00665T0	5	2	0	0	0	0	0	2	0	0	1	0	0	93.0	225.0	1058.0	88.0	669.0	1064.0	399.0	386.0	1289.0	147.0	190.0	930.0	3530	0.0292730690678	0.00087363665031
CNAG_00814T0	1	0	0	0	0	0	0	2	0	0	1	0	0	250.0	659.0	811.0	611.0	7155.0	1440.0	1640.0	1998.0	785.0	533.0	1110.0	821.0	7006	0.00565535768778	0.000149541408612
CNAG_00814T0	2	1	0	0	0	0	0	0	0	0	0	0	0	250.0	659.0	811.0	611.0	7155.0	1440.0	1640.0	1998.0	785.0	533.0	1110.0	821.0	7006	0.0	0.0
CNAG_00814T0	3	0	0	0	0	0	0	0	0	0	2	0	0	250.0	659.0	811.0	611.0	7155.0	1440.0	1640.0	1998.0	785.0	533.0	1110.0	821.0	7006	0.0	0.000598165634446
CNAG_00814T0	4	0	0	0	0	0	0	2	0	0	0	0	0	250.0	659.0	811.0	611.0	7155.0	1440.0	1640.0	1998.0	785.0	533.0	1110.0	821.0	7006	0.00565535768778	0.0
CNAG_00814T0	5	2	0	0	0	0	0	3	0	0	1	0	0	250.0	659.0	811.0	611.0	7155.0	1440.0	1640.0	1998.0	785.0	533.0	1110.0	821.0	7006	0.0127245547975	0.000149541408612
CNAG_00903T0	1	2	0	0	1	0	0	1	0	0	3	0	0	264.0	407.0	518.0	114.0	679.0	525.0	240.0	229.0	348.0	452.0	375.0	321.0	2813	0.0123355946072	0.00398378312541
CNAG_00903T0	2	0	0	1	0	0	1	0	0	0	1	0	0	264.0	407.0	518.0	114.0	679.0	525.0	240.0	229.0	348.0	452.0	375.0	321.0	2813	0.0	0.00044264256949
CNAG_00903T1	1	2	0	0	1	0	0	1	0	0	3	0	0	264.0	407.0	518.0	114.0	679.0	525.0	240.0	229.0	348.0	452.0	375.0	321.0	2813	0.0123355946072	0.00398378312541
CNAG_00903T1	2	0	0	1	0	0	1	0	0	0	1	0	0	264.0	407.0	518.0	114.0	679.0	525.0	240.0	229.0	348.0	452.0	375.0	321.0	2813	0.0	0.00044264256949
CNAG_01351T0	1	0	0	0	0	0	0	0	0	0	0	0	0	140.0	364.0	449.0	75.0	521.0	697.0	296.0	289.0	515.0	294.0	253.0	443.0	1537	0.0	0.0
CNAG_01351T0	2	0	1	0	0	0	0	0	0	0	0	0	0	140.0	364.0	449.0	75.0	521.0	697.0	296.0	289.0	515.0	294.0	253.0	443.0	1537	0.0	0.0
CNAG_01351T0	3	1	0	0	0	0	0	1	1	0	0	0	0	140.0	364.0	449.0	75.0	521.0	697.0	296.0	289.0	515.0	294.0	253.0	443.0	1537	0.00977457150535	0.0
CNAG_01351T0	4	0	0	0	0	1	0	1	0	0	1	0	0	140.0	364.0	449.0	75.0	521.0	697.0	296.0	289.0	515.0	294.0	253.0	443.0	1537	0.00977457150535	0.000656090765055
CNAG_01351T0	5	3	0	0	0	0	0	0	0	0	5	0	0	140.0	364.0	449.0	75.0	521.0	697.0	296.0	289.0	515.0	294.0	253.0	443.0	1537	0.0	0.0164022691264
CNAG_01351T0	6	2	0	0	0	0	0	1	0	0	5	0	0	140.0	364.0	449.0	75.0	521.0	697.0	296.0	289.0	515.0	294.0	253.0	443.0	1537	0.00977457150535	0.0164022691264
CNAG_01351T0	7	4	0	0	1	0	0	4	0	0	1	0	0	140.0	364.0	449.0	75.0	521.0	697.0	296.0	289.0	515.0	294.0	253.0	443.0	1537	0.156393144086	0.000656090765055
CNAG_01351T0	8	2	0	0	0	0	0	3	0	0	0	0	0	140.0	364.0	449.0	75.0	521.0	697.0	296.0	289.0	515.0	294.0	253.0	443.0	1537	0.0879711435482	0.0
CNAG_01367T0	1	1	0	0	0	0	0	0	0	0	0	0	0	224.0	630.0	856.0	649.0	7104.0	1443.0	1852.0	2271.0	827.0	539.0	1154.0	828.0	6937	0.0	0.0
CNAG_01367T0	2	0	0	0	0	0	0	0	0	0	0	0	0	224.0	630.0	856.0	649.0	7104.0	1443.0	1852.0	2271.0	827.0	539.0	1154.0	828.0	6937	0.0	0.0
CNAG_01367T0	3	0	0	0	0	0	0	1	0	0	0	0	0	224.0	630.0	856.0	649.0	7104.0	1443.0	1852.0	2271.0	827.0	539.0	1154.0	828.0	6937	0.00124387986132	0.0
CNAG_01367T0	4	0	0	0	0	0	0	1	0	0	1	0	0	224.0	630.0	856.0	649.0	7104.0	1443.0	1852.0	2271.0	827.0	539.0	1154.0	828.0	6937	0.00124387986132	0.000143839656463
CNAG_01367T0	5	1	0	0	0	0	0	1	0	0	0	0	0	224.0	630.0	856.0	649.0	7104.0	1443.0	1852.0	2271.0	827.0	539.0	1154.0	828.0	6937	0.00124387986132	0.0
CNAG_01367T0	6	2	1	0	2	0	0	4	0	0	1	0	0	224.0	630.0	856.0	649.0	7104.0	1443.0	1852.0	2271.0	827.0	539.0	1154.0	828.0	6937	0.019902077781	0.000143839656463
CNAG_01370T0	1	0	0	0	0	0	0	0	0	0	0	0	0	7.0	30.0	87.0	12.0	124.0	80.0	38.0	53.0	106.0	17.0	37.0	53.0	2055	0.0	0.0
CNAG_01370T0	2	0	0	0	0	0	0	0	0	0	0	0	0	7.0	30.0	87.0	12.0	124.0	80.0	38.0	53.0	106.0	17.0	37.0	53.0	2055	0.0	0.0
CNAG_01370T0	3	0	0	0	0	0	0	0	0	0	0	0	0	7.0	30.0	87.0	12.0	124.0	80.0	38.0	53.0	106.0	17.0	37.0	53.0	2055	0.0	0.0
CNAG_01370T0	4	0	0	0	0	0	0	0	0	0	0	0	0	7.0	30.0	87.0	12.0	124.0	80.0	38.0	53.0	106.0	17.0	37.0	53.0	2055	0.0	0.0
CNAG_01692T0	1	4	0	0	0	0	0	2	0	0	2	0	0	179.0	378.0	353.0	96.0	490.0	376.0	455.0	455.0	415.0	329.0	258.0	408.0	1960	0.024833856396	0.00257350331099
CNAG_01692T0	2	0	0	0	0	0	0	2	0	0	0	0	1	179.0	378.0	353.0	96.0	490.0	376.0	455.0	455.0	415.0	329.0	258.0	408.0	1960	0.024833856396	0.0
CNAG_01692T0	3	0	0	0	0	0	0	2	0	0	0	0	0	179.0	378.0	353.0	96.0	490.0	376.0	455.0	455.0	415.0	329.0	258.0	408.0	1960	0.024833856396	0.0
CNAG_01692T0	4	0	0	0	0	0	0	2	0	0	0	0	0	179.0	378.0	353.0	96.0	490.0	376.0	455.0	455.0	415.0	329.0	258.0	408.0	1960	0.024833856396	0.0
CNAG_01692T0	5	3	0	0	0	0	0	1	0	0	0	0	0	179.0	378.0	353.0	96.0	490.0	376.0	455.0	455.0	415.0	329.0	258.0	408.0	1960	0.006208464099	0.0
CNAG_01692T0	6	3	0	0	0	1	0	4	0	0	0	0	0	179.0	378.0	353.0	96.0	490.0	376.0	455.0	455.0	415.0	329.0	258.0	408.0	1960	0.0993354255841	0.0
CNAG_01692T0	7	0	0	0	0	0	0	0	0	0	3	0	0	179.0	378.0	353.0	96.0	490.0	376.0	455.0	455.0	415.0	329.0	258.0	408.0	1960	0.0	0.00579038244973
CNAG_01692T0	8	0	0	0	0	0	0	1	0	0	0	0	0	179.0	378.0	353.0	96.0	490.0	376.0	455.0	455.0	415.0	329.0	258.0	408.0	1960	0.006208464099	0.0
CNAG_01692T0	9	1	1	0	0	0	0	0	0	0	0	0	0	179.0	378.0	353.0	96.0	490.0	376.0	455.0	455.0	415.0	329.0	258.0	408.0	1960	0.0	0.0
CNAG_01781T0	1	5	0	0	0	0	0	1	0	0	3	0	0	215.0	374.0	413.0	79.0	623.0	422.0	368.0	362.0	339.0	189.0	181.0	197.0	2185	0.00780345625704	0.00825369432061
CNAG_01781T0	2	1	0	0	0	0	0	1	0	0	1	0	0	215.0	374.0	413.0	79.0	623.0	422.0	368.0	362.0	339.0	189.0	181.0	197.0	2185	0.00780345625704	0.000917077146734
CNAG_01781T1	1	5	0	0	0	0	0	1	0	0	3	0	0	215.0	374.0	413.0	79.0	623.0	422.0	368.0	362.0	339.0	189.0	181.0	197.0	2185	0.00780345625704	0.00825369432061
CNAG_01781T1	2	1	0	0	0	0	0	1	0	0	1	0	0	215.0	374.0	413.0	79.0	623.0	422.0	368.0	362.0	339.0	189.0	181.0	197.0	2185	0.00780345625704	0.000917077146734
CNAG_01781T1	3	1	0	0	0	0	0	0	0	0	0	0	0	215.0	374.0	413.0	79.0	623.0	422.0	368.0	362.0	339.0	189.0	181.0	197.0	2185	0.0	0.0
CNAG_01781T2	1	5	0	0	0	0	0	1	0	0	3	0	0	215.0	374.0	413.0	79.0	623.0	422.0	368.0	362.0	339.0	189.0	181.0	197.0	2185	0.00780345625704	0.00825369432061
CNAG_01781T2	2	1	0	0	0	0	0	1	0	0	1	0	0	215.0	374.0	413.0	79.0	623.0	422.0	368.0	362.0	339.0	189.0	181.0	197.0	2185	0.00780345625704	0.000917077146734
CNAG_01781T2	3	1	0	0	0	0	0	0	0	0	0	0	0	215.0	374.0	413.0	79.0	623.0	422.0	368.0	362.0	339.0	189.0	181.0	197.0	2185	0.0	0.0
CNAG_01781T3	1	5	0	0	0	0	0	1	0	0	3	0	0	215.0	374.0	413.0	79.0	623.0	422.0	368.0	362.0	339.0	189.0	181.0	197.0	2185	0.00780345625704	0.00825369432061
CNAG_01781T3	2	1	0	0	0	0	0	1	0	0	1	0	0	215.0	374.0	413.0	79.0	623.0	422.0	368.0	362.0	339.0	189.0	181.0	197.0	2185	0.00780345625704	0.000917077146734
CNAG_01781T3	3	1	0	0	0	0	0	0	0	0	0	0	0	215.0	374.0	413.0	79.0	623.0	422.0	368.0	362.0	339.0	189.0	181.0	197.0	2185	0.0	0.0
CNAG_01787T0	1	1	0	0	0	0	0	0	0	0	0	0	0	181.0	205.0	199.0	276.0	673.0	207.0	314.0	172.0	201.0	208.0	100.0	102.0	2028	0.0	0.0
CNAG_01787T0	2	1	0	0	0	0	1	1	0	0	0	0	0	181.0	205.0	199.0	276.0	673.0	207.0	314.0	172.0	201.0	208.0	100.0	102.0	2028	0.0164235532852	0.0
CNAG_01787T0	3	0	0	0	0	0	0	0	0	0	0	0	0	181.0	205.0	199.0	276.0	673.0	207.0	314.0	172.0	201.0	208.0	100.0	102.0	2028	0.0	0.0
CNAG_01940T0	1	4	0	0	0	0	0	2	1	0	1	0	0	129.0	135.0	3373.0	99.0	270.0	1972.0	147.0	133.0	1396.0	116.0	101.0	665.0	2753	0.0849579297759	0.00164347488672
CNAG_01940T0	2	7	0	0	2	1	0	4	0	0	12	2	0	129.0	135.0	3373.0	99.0	270.0	1972.0	147.0	133.0	1396.0	116.0	101.0	665.0	2753	0.339831719103	0.236660383688
CNAG_01940T0	3	2	0	0	0	0	0	0	0	0	1	0	0	129.0	135.0	3373.0	99.0	270.0	1972.0	147.0	133.0	1396.0	116.0	101.0	665.0	2753	0.0	0.00164347488672
CNAG_01940T0	4	0	0	0	2	0	0	0	0	0	1	0	0	129.0	135.0	3373.0	99.0	270.0	1972.0	147.0	133.0	1396.0	116.0	101.0	665.0	2753	0.0	0.00164347488672
CNAG_01940T0	5	0	0	0	0	0	0	0	0	0	0	0	0	129.0	135.0	3373.0	99.0	270.0	1972.0	147.0	133.0	1396.0	116.0	101.0	665.0	2753	0.0	0.0
CNAG_01940T0	6	0	0	0	0	0	0	1	0	0	0	0	0	129.0	135.0	3373.0	99.0	270.0	1972.0	147.0	133.0	1396.0	116.0	101.0	665.0	2753	0.021239482444	0.0
CNAG_01940T0	7	3	0	0	0	0	0	0	0	0	1	0	0	129.0	135.0	3373.0	99.0	270.0	1972.0	147.0	133.0	1396.0	116.0	101.0	665.0	2753	0.0	0.00164347488672
CNAG_01940T1	1	4	0	0	0	0	0	2	1	0	1	0	0	129.0	135.0	3373.0	99.0	270.0	1972.0	147.0	133.0	1396.0	116.0	101.0	665.0	2753	0.0849579297759	0.00164347488672
CNAG_01940T1	2	7	0	0	2	1	0	4	0	0	12	2	0	129.0	135.0	3373.0	99.0	270.0	1972.0	147.0	133.0	1396.0	116.0	101.0	665.0	2753	0.339831719103	0.236660383688
CNAG_01940T1	3	2	0	0	0	0	0	0	0	0	1	0	0	129.0	135.0	3373.0	99.0	270.0	1972.0	147.0	133.0	1396.0	116.0	101.0	665.0	2753	0.0	0.00164347488672
CNAG_01940T1	4	0	0	0	2	0	0	0	0	0	1	0	0	129.0	135.0	3373.0	99.0	270.0	1972.0	147.0	133.0	1396.0	116.0	101.0	665.0	2753	0.0	0.00164347488672
CNAG_01940T1	5	0	0	0	0	0	0	0	0	0	0	0	0	129.0	135.0	3373.0	99.0	270.0	1972.0	147.0	133.0	1396.0	116.0	101.0	665.0	2753	0.0	0.0
CNAG_01940T1	6	0	0	0	0	0	0	1	0	0	0	0	0	129.0	135.0	3373.0	99.0	270.0	1972.0	147.0	133.0	1396.0	116.0	101.0	665.0	2753	0.021239482444	0.0
CNAG_01940T1	7	3	0	0	0	0	0	0	0	0	1	0	0	129.0	135.0	3373.0	99.0	270.0	1972.0	147.0	133.0	1396.0	116.0	101.0	665.0	2753	0.0	0.00164347488672
CNAG_01968T0	1	0	0	0	0	0	0	1	0	1	0	0	0	12.0	22.0	83.0	14.0	45.0	54.0	25.0	14.0	43.0	32.0	23.0	27.0	810	0.201775083218	0.0
CNAG_01968T0	2	0	0	0	0	0	0	0	0	0	0	0	0	12.0	22.0	83.0	14.0	45.0	54.0	25.0	14.0	43.0	32.0	23.0	27.0	810	0.0	0.0
CNAG_01968T0	3	0	0	0	0	0	0	1	0	0	0	0	0	12.0	22.0	83.0	14.0	45.0	54.0	25.0	14.0	43.0	32.0	23.0	27.0	810	0.201775083218	0.0
CNAG_02058T0	1	0	0	0	0	0	0	0	0	0	0	0	0	68.0	195.0	94.0	43.0	337.0	137.0	180.0	208.0	111.0	107.0	138.0	83.0	2561	0.0	0.0
CNAG_02058T0	2	3	1	0	0	0	0	1	3	0	1	0	0	68.0	195.0	94.0	43.0	337.0	137.0	180.0	208.0	111.0	107.0	138.0	83.0	2561	0.0135810152166	0.00120283306927
CNAG_02058T0	3	0	1	0	0	0	0	0	0	0	0	0	0	68.0	195.0	94.0	43.0	337.0	137.0	180.0	208.0	111.0	107.0	138.0	83.0	2561	0.0	0.0
CNAG_02058T0	4	0	0	0	0	0	1	0	0	0	0	0	0	68.0	195.0	94.0	43.0	337.0	137.0	180.0	208.0	111.0	107.0	138.0	83.0	2561	0.0	0.0
CNAG_02124T0	1	1	0	0	0	2	0	1	0	0	2	0	0	90.0	158.0	162.0	83.0	481.0	289.0	220.0	200.0	191.0	194.0	161.0	291.0	3045	0.0141242558252	0.00412399909463
CNAG_02124T0	2	0	0	0	0	0	0	2	0	0	0	0	0	90.0	158.0	162.0	83.0	481.0	289.0	220.0	200.0	191.0	194.0	161.0	291.0	3045	0.0564970233009	0.0
CNAG_02124T0	3	0	0	0	0	0	0	0	0	0	0	0	0	90.0	158.0	162.0	83.0	481.0	289.0	220.0	200.0	191.0	194.0	161.0	291.0	3045	0.0	0.0
CNAG_02124T0	4	3	0	0	0	0	0	5	0	0	1	1	0	90.0	158.0	162.0	83.0	481.0	289.0	220.0	200.0	191.0	194.0	161.0	291.0	3045	0.353106395631	0.00103099977366
CNAG_02124T0	5	4	1	0	0	0	0	5	0	0	1	0	0	90.0	158.0	162.0	83.0	481.0	289.0	220.0	200.0	191.0	194.0	161.0	291.0	3045	0.353106395631	0.00103099977366
CNAG_02176T0	1	0	0	0	0	0	0	3	0	0	0	0	0	50.0	176.0	1047.0	78.0	741.0	1483.0	222.0	288.0	946.0	66.0	125.0	964.0	3789	0.0882765989077	0.0
CNAG_02176T0	2	0	0	0	0	0	0	1	0	0	0	0	0	50.0	176.0	1047.0	78.0	741.0	1483.0	222.0	288.0	946.0	66.0	125.0	964.0	3789	0.00980851098975	0.0
CNAG_02392T0	1	2	0	0	0	0	0	1	0	0	0	0	0	88.0	89.0	199.0	51.0	212.0	291.0	154.0	108.0	157.0	115.0	91.0	302.0	4701	0.026156029306	0.0
CNAG_02392T0	2	0	0	0	0	0	0	1	0	0	0	0	0	88.0	89.0	199.0	51.0	212.0	291.0	154.0	108.0	157.0	115.0	91.0	302.0	4701	0.026156029306	0.0
CNAG_02392T0	3	0	0	0	0	0	0	0	0	0	2	0	0	88.0	89.0	199.0	51.0	212.0	291.0	154.0	108.0	157.0	115.0	91.0	302.0	4701	0.0	0.0072963060905
CNAG_02392T0	4	0	0	0	0	0	0	0	0	0	0	0	0	88.0	89.0	199.0	51.0	212.0	291.0	154.0	108.0	157.0	115.0	91.0	302.0	4701	0.0	0.0
CNAG_02392T0	5	0	0	0	0	0	0	0	0	0	0	0	0	88.0	89.0	199.0	51.0	212.0	291.0	154.0	108.0	157.0	115.0	91.0	302.0	4701	0.0	0.0
CNAG_02392T0	6	0	0	0	0	0	0	0	0	0	0	0	0	88.0	89.0	199.0	51.0	212.0	291.0	154.0	108.0	157.0	115.0	91.0	302.0	4701	0.0	0.0
CNAG_02392T0	7	0	0	0	0	0	0	0	0	0	0	0	0	88.0	89.0	199.0	51.0	212.0	291.0	154.0	108.0	157.0	115.0	91.0	302.0	4701	0.0	0.0
CNAG_02711T0	1	0	0	0	0	0	1	0	0	0	0	0	0	106.0	234.0	198.0	58.0	376.0	369.0	121.0	99.0	249.0	173.0	254.0	314.0	2790	0.0	0.0
CNAG_02711T0	2	0	2	0	0	0	0	2	0	0	4	0	0	106.0	234.0	198.0	58.0	376.0	369.0	121.0	99.0	249.0	173.0	254.0	314.0	2790	0.114135400608	0.0104561236887
CNAG_03231T0	1	0	0	0	0	0	1	0	0	0	0	0	0	69.0	186.0	397.0	68.0	756.0	667.0	121.0	86.0	343.0	158.0	264.0	328.0	2422	0.0	0.0
CNAG_03231T0	2	1	0	0	0	0	0	0	0	0	0	0	0	69.0	186.0	397.0	68.0	756.0	667.0	121.0	86.0	343.0	158.0	264.0	328.0	2422	0.0	0.0
CNAG_03231T0	3	0	0	0	0	0	0	1	0	0	1	0	0	69.0	186.0	397.0	68.0	756.0	667.0	121.0	86.0	343.0	158.0	264.0	328.0	2422	0.0328471065703	0.000628753649844
CNAG_03231T0	4	0	0	0	0	0	0	0	0	0	0	0	0	69.0	186.0	397.0	68.0	756.0	667.0	121.0	86.0	343.0	158.0	264.0	328.0	2422	0.0	0.0
CNAG_03231T1	1	0	0	0	0	0	1	0	0	0	0	0	0	69.0	186.0	397.0	68.0	756.0	667.0	121.0	86.0	343.0	158.0	264.0	328.0	2422	0.0	0.0
CNAG_03231T1	2	1	0	0	0	0	0	0	0	0	0	0	0	69.0	186.0	397.0	68.0	756.0	667.0	121.0	86.0	343.0	158.0	264.0	328.0	2422	0.0	0.0
CNAG_03231T1	3	0	0	0	0	0	0	1	0	0	1	0	0	69.0	186.0	397.0	68.0	756.0	667.0	121.0	86.0	343.0	158.0	264.0	328.0	2422	0.0328471065703	0.000628753649844
CNAG_03231T1	4	0	0	0	0	0	0	0	0	0	0	0	0	69.0	186.0	397.0	68.0	756.0	667.0	121.0	86.0	343.0	158.0	264.0	328.0	2422	0.0	0.0
CNAG_03387T0	1	0	2	0	0	0	0	3	0	0	0	0	0	120.0	312.0	786.0	117.0	744.0	1199.0	217.0	224.0	701.0	240.0	261.0	659.0	2407	0.11349848431	0.0
CNAG_03387T0	2	0	1	1	1	1	0	0	0	0	1	0	0	120.0	312.0	786.0	117.0	744.0	1199.0	217.0	224.0	701.0	240.0	261.0	659.0	2407	0.0	0.000635980703291
CNAG_03478T0	1	0	0	0	0	0	0	0	0	0	0	0	0	41.0	99.0	113.0	30.0	148.0	224.0	73.0	64.0	107.0	74.0	110.0	110.0	4231	0.0	0.0
CNAG_03478T0	2	0	0	0	0	0	0	0	0	0	0	0	0	41.0	99.0	113.0	30.0	148.0	224.0	73.0	64.0	107.0	74.0	110.0	110.0	4231	0.0	0.0
CNAG_03478T0	3	0	0	0	0	0	0	0	0	0	0	0	0	41.0	99.0	113.0	30.0	148.0	224.0	73.0	64.0	107.0	74.0	110.0	110.0	4231	0.0	0.0
CNAG_03478T0	4	0	0	0	0	0	1	0	0	0	1	0	0	41.0	99.0	113.0	30.0	148.0	224.0	73.0	64.0	107.0	74.0	110.0	110.0	4231	0.0	0.00150900875963
CNAG_03478T0	5	0	0	0	0	0	0	1	0	0	0	0	0	41.0	99.0	113.0	30.0	148.0	224.0	73.0	64.0	107.0	74.0	110.0	110.0	4231	0.0441382994539	0.0
CNAG_03478T0	6	0	0	0	0	0	0	0	0	0	0	0	0	41.0	99.0	113.0	30.0	148.0	224.0	73.0	64.0	107.0	74.0	110.0	110.0	4231	0.0	0.0
CNAG_03478T0	7	0	0	0	0	0	0	0	0	0	0	0	0	41.0	99.0	113.0	30.0	148.0	224.0	73.0	64.0	107.0	74.0	110.0	110.0	4231	0.0	0.0
CNAG_03478T0	8	0	0	0	0	0	0	0	0	0	0	0	0	41.0	99.0	113.0	30.0	148.0	224.0	73.0	64.0	107.0	74.0	110.0	110.0	4231	0.0	0.0
CNAG_03478T0	9	0	0	0	0	0	0	0	0	0	0	0	0	41.0	99.0	113.0	30.0	148.0	224.0	73.0	64.0	107.0	74.0	110.0	110.0	4231	0.0	0.0
CNAG_03478T0	10	0	0	0	0	0	0	0	0	0	0	0	0	41.0	99.0	113.0	30.0	148.0	224.0	73.0	64.0	107.0	74.0	110.0	110.0	4231	0.0	0.0
CNAG_03478T0	11	0	0	0	0	0	0	1	0	0	0	0	0	41.0	99.0	113.0	30.0	148.0	224.0	73.0	64.0	107.0	74.0	110.0	110.0	4231	0.0441382994539	0.0
CNAG_03478T0	12	0	0	0	0	0	0	0	0	0	0	0	0	41.0	99.0	113.0	30.0	148.0	224.0	73.0	64.0	107.0	74.0	110.0	110.0	4231	0.0	0.0
CNAG_03643T0	1	0	0	0	0	0	0	0	0	0	1	0	0	41.0	67.0	75.0	8.0	62.0	39.0	54.0	52.0	67.0	31.0	35.0	31.0	788	0.0	0.00474259895882
CNAG_03643T0	2	0	0	0	0	0	1	1	0	0	0	0	0	41.0	67.0	75.0	8.0	62.0	39.0	54.0	52.0	67.0	31.0	35.0	31.0	788	0.0543240608663	0.0
CNAG_03797T0	1	0	0	0	0	0	0	0	0	0	0	0	0	1.0		11.0	3.0	4.0	9.0	1.0	3.0	8.0	3.0		2.0	906	0.0	
CNAG_03797T0	2	0	0	0	0	0	0	0	0	0	0	0	0	1.0		11.0	3.0	4.0	9.0	1.0	3.0	8.0	3.0		2.0	906	0.0	
CNAG_03797T0	3	0	0	0	0	0	0	0	0	0	0	0	0	1.0		11.0	3.0	4.0	9.0	1.0	3.0	8.0	3.0		2.0	906	0.0	
CNAG_04059T0	1	0	0	0	0	0	0	0	0	0	0	0	0	14.0	56.0	25.0	39.0	269.0	49.0	58.0	70.0	37.0	41.0	61.0	29.0	1429	0.0	0.0
CNAG_04059T0	2	0	0	0	0	0	0	0	0	0	0	0	0	14.0	56.0	25.0	39.0	269.0	49.0	58.0	70.0	37.0	41.0	61.0	29.0	1429	0.0	0.0
CNAG_04059T0	3	0	0	0	0	0	0	0	0	0	0	0	0	14.0	56.0	25.0	39.0	269.0	49.0	58.0	70.0	37.0	41.0	61.0	29.0	1429	0.0	0.0
CNAG_04084T0	1	0	0	0	0	0	0	0	0	0	0	0	0	28.0	69.0	395.0	24.0	117.0	296.0	23.0	42.0	370.0	32.0	26.0	239.0	1592	0.0	0.0
CNAG_04084T0	2	0	0	0	0	0	0	0	0	0	0	0	0	28.0	69.0	395.0	24.0	117.0	296.0	23.0	42.0	370.0	32.0	26.0	239.0	1592	0.0	0.0
CNAG_04099T0	1	0	0	0	0	0	0	0	0	0	0	0	0	521.0	672.0	3794.0	286.0	1053.0	3513.0	1182.0	1041.0	5011.0	871.0	307.0	3254.0	1621	0.0	0.0
CNAG_04100T0	1	0	0	0	0	0	0	0	0	0	0	0	0	3.0	10.0	23.0	5.0	16.0	22.0	25.0	12.0	26.0	23.0	4.0	14.0	3885	0.0	0.0
CNAG_04100T0	2	1	0	0	0	0	0	0	0	0	0	0	0	3.0	10.0	23.0	5.0	16.0	22.0	25.0	12.0	26.0	23.0	4.0	14.0	3885	0.0	0.0
CNAG_04100T0	3	0	0	0	0	0	0	0	0	0	0	0	0	3.0	10.0	23.0	5.0	16.0	22.0	25.0	12.0	26.0	23.0	4.0	14.0	3885	0.0	0.0
CNAG_04100T0	4	0	0	0	0	0	0	0	0	0	0	0	0	3.0	10.0	23.0	5.0	16.0	22.0	25.0	12.0	26.0	23.0	4.0	14.0	3885	0.0	0.0
CNAG_04102T0	1	0	0	0	0	0	1	0	0	0	0	0	0	26.0	58.0	71.0	6.0	31.0	26.0	37.0	50.0	79.0	11.0	12.0	21.0	1980	0.0	0.0
CNAG_04102T0	2	0	1	0	0	0	0	0	0	0	0	0	0	26.0	58.0	71.0	6.0	31.0	26.0	37.0	50.0	79.0	11.0	12.0	21.0	1980	0.0	0.0
CNAG_04102T0	3	0	0	0	0	0	1	0	0	0	0	0	0	26.0	58.0	71.0	6.0	31.0	26.0	37.0	50.0	79.0	11.0	12.0	21.0	1980	0.0	0.0
CNAG_04102T0	4	0	0	0	0	0	0	0	0	0	0	0	0	26.0	58.0	71.0	6.0	31.0	26.0	37.0	50.0	79.0	11.0	12.0	21.0	1980	0.0	0.0
CNAG_04102T0	5	0	0	0	0	0	0	0	0	0	0	0	0	26.0	58.0	71.0	6.0	31.0	26.0	37.0	50.0	79.0	11.0	12.0	21.0	1980	0.0	0.0
CNAG_04331T0	1	0	0	0	0	0	0	4	0	0	0	0	0	41.0	74.0	277.0	33.0	132.0	356.0	107.0	98.0	320.0	65.0	47.0	207.0	2376	0.461200190212	0.0
CNAG_04331T0	2	0	0	0	0	0	0	1	0	0	0	0	0	41.0	74.0	277.0	33.0	132.0	356.0	107.0	98.0	320.0	65.0	47.0	207.0	2376	0.0288250118882	0.0
CNAG_04331T0	3	0	0	0	0	0	0	0	0	0	0	0	0	41.0	74.0	277.0	33.0	132.0	356.0	107.0	98.0	320.0	65.0	47.0	207.0	2376	0.0	0.0
CNAG_04331T0	4	0	0	0	0	0	0	0	0	0	0	0	0	41.0	74.0	277.0	33.0	132.0	356.0	107.0	98.0	320.0	65.0	47.0	207.0	2376	0.0	0.0
CNAG_04331T0	5	0	0	0	0	0	0	0	1	0	0	0	0	41.0	74.0	277.0	33.0	132.0	356.0	107.0	98.0	320.0	65.0	47.0	207.0	2376	0.0	0.0
CNAG_04548T0	1	0	0	0	0	0	0	0	0	0	0	0	0													5546		
CNAG_04548T0	2	0	0	0	0	0	0	0	0	0	0	0	0													5546		
CNAG_04548T0	3	0	0	0	0	0	0	0	0	0	0	0	0													5546		
CNAG_04548T0	4	0	0	0	0	0	0	0	0	0	0	0	0													5546		
CNAG_04548T0	5	0	0	0	0	0	0	0	0	0	0	0	0													5546		
CNAG_04548T0	6	0	0	0	0	0	0	0	0	0	0	0	0													5546		
CNAG_04548T0	7	0	0	0	0	0	0	0	0	0	0	0	0													5546		
CNAG_04590T0	1	1	1	0	0	0	0	0	0	0	0	0	0	85.0	155.0	94.0	61.0	303.0	120.0	208.0	174.0	102.0	48.0	59.0	97.0	2081	0.0	0.0
CNAG_04590T0	2	1	0	0	0	0	0	0	0	0	0	0	0	85.0	155.0	94.0	61.0	303.0	120.0	208.0	174.0	102.0	48.0	59.0	97.0	2081	0.0	0.0
CNAG_05185T0	1	7	0	0	1	0	1	4	0	0	12	0	1	86.0	152.0	212.0	33.0	176.0	360.0	76.0	64.0	239.0	126.0	124.0	196.0	1427	0.706212791262	0.192763699617
CNAG_05185T0	2	1	0	0	0	0	0	0	0	0	0	0	0	86.0	152.0	212.0	33.0	176.0	360.0	76.0	64.0	239.0	126.0	124.0	196.0	1427	0.0	0.0
CNAG_05185T0	3	5	1	0	0	0	0	0	0	0	12	0	0	86.0	152.0	212.0	33.0	176.0	360.0	76.0	64.0	239.0	126.0	124.0	196.0	1427	0.0	0.192763699617
CNAG_05185T0	4	2	0	0	0	0	0	0	0	0	3	0	0	86.0	152.0	212.0	33.0	176.0	360.0	76.0	64.0	239.0	126.0	124.0	196.0	1427	0.0	0.012047731226
CNAG_05185T1	1	7	0	0	1	0	1	4	0	0	12	0	1	86.0	152.0	212.0	33.0	176.0	360.0	76.0	64.0	239.0	126.0	124.0	196.0	1427	0.706212791262	0.192763699617
CNAG_05185T1	2	1	0	0	0	0	0	0	0	0	0	0	0	86.0	152.0	212.0	33.0	176.0	360.0	76.0	64.0	239.0	126.0	124.0	196.0	1427	0.0	0.0
CNAG_05185T1	3	5	1	0	0	0	0	0	0	0	12	0	0	86.0	152.0	212.0	33.0	176.0	360.0	76.0	64.0	239.0	126.0	124.0	196.0	1427	0.0	0.192763699617
CNAG_05185T1	4	2	0	0	0	0	0	0	0	0	3	0	0	86.0	152.0	212.0	33.0	176.0	360.0	76.0	64.0	239.0	126.0	124.0	196.0	1427	0.0	0.012047731226
CNAG_05212T0	1	0	0	0	0	0	0	0	0	0	0	0	0	68.0	52.0	73.0	59.0	144.0	128.0	104.0	44.0	76.0	101.0	33.0	115.0	1218	0.0	0.0
CNAG_05487T0	1	0	0	0	0	0	0	0	0	0	0	0	0	15.0	10.0	44.0	11.0	63.0	50.0	20.0	22.0	28.0	9.0	6.0	57.0	2087	0.0	0.0
CNAG_05487T0	2	0	0	0	0	0	0	0	1	0	0	0	0	15.0	10.0	44.0	11.0	63.0	50.0	20.0	22.0	28.0	9.0	6.0	57.0	2087	0.0	0.0
CNAG_05487T0	3	0	0	0	0	0	0	0	0	0	0	0	0	15.0	10.0	44.0	11.0	63.0	50.0	20.0	22.0	28.0	9.0	6.0	57.0	2087	0.0	0.0
CNAG_05910T0	1	0	0	0	0	0	0	0	0	0	0	0	0	64.0	135.0	180.0	33.0	231.0	298.0	93.0	93.0	143.0	98.0	129.0	159.0	4427	0.0	0.0
CNAG_05910T0	2	0	0	0	0	0	0	0	0	0	0	0	0	64.0	135.0	180.0	33.0	231.0	298.0	93.0	93.0	143.0	98.0	129.0	159.0	4427	0.0	0.0
CNAG_05910T0	3	0	0	0	0	0	0	1	0	0	0	1	0	64.0	135.0	180.0	33.0	231.0	298.0	93.0	93.0	143.0	98.0	129.0	159.0	4427	0.0303747437102	0.0
CNAG_05910T0	4	0	0	0	0	0	0	0	0	0	0	0	0	64.0	135.0	180.0	33.0	231.0	298.0	93.0	93.0	143.0	98.0	129.0	159.0	4427	0.0	0.0
CNAG_05910T0	5	0	0	1	0	0	0	0	0	0	0	0	0	64.0	135.0	180.0	33.0	231.0	298.0	93.0	93.0	143.0	98.0	129.0	159.0	4427	0.0	0.0
CNAG_05910T0	6	0	0	0	0	0	0	0	0	0	0	0	0	64.0	135.0	180.0	33.0	231.0	298.0	93.0	93.0	143.0	98.0	129.0	159.0	4427	0.0	0.0
CNAG_05910T0	7	0	0	0	0	0	0	0	0	0	0	0	0	64.0	135.0	180.0	33.0	231.0	298.0	93.0	93.0	143.0	98.0	129.0	159.0	4427	0.0	0.0
CNAG_05910T0	8	0	0	0	0	0	0	0	0	0	0	0	0	64.0	135.0	180.0	33.0	231.0	298.0	93.0	93.0	143.0	98.0	129.0	159.0	4427	0.0	0.0
CNAG_05910T0	9	0	0	0	0	0	0	0	0	0	0	0	0	64.0	135.0	180.0	33.0	231.0	298.0	93.0	93.0	143.0	98.0	129.0	159.0	4427	0.0	0.0
CNAG_05910T0	10	0	0	0	0	0	0	0	0	0	0	0	0	64.0	135.0	180.0	33.0	231.0	298.0	93.0	93.0	143.0	98.0	129.0	159.0	4427	0.0	0.0
CNAG_05910T0	11	1	0	0	0	0	0	1	0	0	0	0	0	64.0	135.0	180.0	33.0	231.0	298.0	93.0	93.0	143.0	98.0	129.0	159.0	4427	0.0303747437102	0.0
CNAG_05910T0	12	1	0	0	0	0	0	0	0	0	0	0	0	64.0	135.0	180.0	33.0	231.0	298.0	93.0	93.0	143.0	98.0	129.0	159.0	4427	0.0	0.0
CNAG_06164T0	1	0	0	0	1	0	0	2	0	0	1	0	0	410.0	807.0	32868.0	695.0	3644.0	5570.0	925.0	1091.0	4073.0	474.0	663.0	1793.0	5330	0.0103569245281	0.000250363444282
CNAG_06164T0	2	0	0	0	0	0	0	0	0	0	0	0	0	410.0	807.0	32868.0	695.0	3644.0	5570.0	925.0	1091.0	4073.0	474.0	663.0	1793.0	5330	0.0	0.0
CNAG_06164T0	3	0	0	0	0	0	0	0	0	0	0	0	0	410.0	807.0	32868.0	695.0	3644.0	5570.0	925.0	1091.0	4073.0	474.0	663.0	1793.0	5330	0.0	0.0
CNAG_06164T0	4	0	0	0	0	0	0	1	0	0	1	0	0	410.0	807.0	32868.0	695.0	3644.0	5570.0	925.0	1091.0	4073.0	474.0	663.0	1793.0	5330	0.00258923113203	0.000250363444282
CNAG_06603T0	1	0	0	0	0	0	0	0	0	0	2	0	0	27.0	74.0	398.0	55.0	330.0	453.0	62.0	82.0	455.0	82.0	124.0	284.0	4642	0.0	0.00535454721158
CNAG_06603T0	2	0	0	0	0	0	0	0	0	0	1	0	0	27.0	74.0	398.0	55.0	330.0	453.0	62.0	82.0	455.0	82.0	124.0	284.0	4642	0.0	0.00133863680289
CNAG_06603T0	3	0	0	0	0	0	0	0	0	0	0	0	0	27.0	74.0	398.0	55.0	330.0	453.0	62.0	82.0	455.0	82.0	124.0	284.0	4642	0.0	0.0
CNAG_06603T0	4	0	0	0	0	0	0	0	0	0	0	0	0	27.0	74.0	398.0	55.0	330.0	453.0	62.0	82.0	455.0	82.0	124.0	284.0	4642	0.0	0.0
CNAG_06603T0	5	0	0	0	0	0	0	0	0	0	0	0	0	27.0	74.0	398.0	55.0	330.0	453.0	62.0	82.0	455.0	82.0	124.0	284.0	4642	0.0	0.0
CNAG_06603T0	6	0	0	0	0	0	0	0	0	0	0	0	0	27.0	74.0	398.0	55.0	330.0	453.0	62.0	82.0	455.0	82.0	124.0	284.0	4642	0.0	0.0
CNAG_06603T0	7	0	0	0	0	0	0	0	0	0	0	0	0	27.0	74.0	398.0	55.0	330.0	453.0	62.0	82.0	455.0	82.0	124.0	284.0	4642	0.0	0.0
CNAG_06603T0	8	0	0	0	0	0	0	0	0	0	0	0	0	27.0	74.0	398.0	55.0	330.0	453.0	62.0	82.0	455.0	82.0	124.0	284.0	4642	0.0	0.0
CNAG_06603T0	9	0	0	0	0	0	0	0	0	0	0	0	0	27.0	74.0	398.0	55.0	330.0	453.0	62.0	82.0	455.0	82.0	124.0	284.0	4642	0.0	0.0
CNAG_06704T0	1	10	0	0	1	0	0	2	1	0	3	1	0	72.0	112.0	211.0	30.0	244.0	265.0	185.0	207.0	183.0	98.0	107.0	109.0	1694	0.0545864959429	0.0139618567479
CNAG_06704T0	2	1	0	0	0	0	0	0	0	0	0	0	0	72.0	112.0	211.0	30.0	244.0	265.0	185.0	207.0	183.0	98.0	107.0	109.0	1694	0.0	0.0
CNAG_06704T0	3	0	0	0	0	0	0	0	0	0	0	0	0	72.0	112.0	211.0	30.0	244.0	265.0	185.0	207.0	183.0	98.0	107.0	109.0	1694	0.0	0.0
CNAG_06704T0	4	9	0	0	0	0	0	13	1	0	10	1	0	72.0	112.0	211.0	30.0	244.0	265.0	185.0	207.0	183.0	98.0	107.0	109.0	1694	2.30627945359	0.155131741644
CNAG_06705T0	1	4	0	0	2	0	0	5	0	0	8	0	1	76.0	52.0	93.0	23.0	67.0	89.0	94.0	32.0	62.0	85.0	40.0	82.0	1072	2.20691497269	0.265585541694
CNAG_06705T0	2	0	0	0	0	0	0	0	0	0	0	0	0	76.0	52.0	93.0	23.0	67.0	89.0	94.0	32.0	62.0	85.0	40.0	82.0	1072	0.0	0.0
CNAG_06757T0	1	2	0	0	0	0	0	0	1	0	3	0	0	199.0	424.0	650.0	149.0	1490.0	1031.0	487.0	435.0	545.0	316.0	493.0	624.0	3694	0.0	0.00303026099803
CNAG_06757T0	2	1	0	0	0	0	0	1	0	0	6	0	1	199.0	424.0	650.0	149.0	1490.0	1031.0	487.0	435.0	545.0	316.0	493.0	624.0	3694	0.00649391072425	0.0121210439921
CNAG_06757T0	3	0	0	0	0	0	0	4	0	0	0	0	0	199.0	424.0	650.0	149.0	1490.0	1031.0	487.0	435.0	545.0	316.0	493.0	624.0	3694	0.103902571588	0.0
CNAG_06757T0	4	2	0	0	0	0	0	3	0	0	0	0	0	199.0	424.0	650.0	149.0	1490.0	1031.0	487.0	435.0	545.0	316.0	493.0	624.0	3694	0.0584451965182	0.0
CNAG_06757T0	5	0	0	0	0	0	0	0	0	0	0	0	0	199.0	424.0	650.0	149.0	1490.0	1031.0	487.0	435.0	545.0	316.0	493.0	624.0	3694	0.0	0.0
CNAG_06757T0	6	0	0	0	0	0	0	1	0	0	0	0	0	199.0	424.0	650.0	149.0	1490.0	1031.0	487.0	435.0	545.0	316.0	493.0	624.0	3694	0.00649391072425	0.0
CNAG_06757T1	1	1	1	0	1	1	0	1	0	0	0	0	1	199.0	424.0	650.0	149.0	1490.0	1031.0	487.0	435.0	545.0	316.0	493.0	624.0	3694	0.00649391072425	0.0
CNAG_06757T1	2	2	0	0	0	0	0	0	1	0	3	0	0	199.0	424.0	650.0	149.0	1490.0	1031.0	487.0	435.0	545.0	316.0	493.0	624.0	3694	0.0	0.00303026099803
CNAG_06757T1	3	1	0	0	0	0	0	1	0	0	6	0	1	199.0	424.0	650.0	149.0	1490.0	1031.0	487.0	435.0	545.0	316.0	493.0	624.0	3694	0.00649391072425	0.0121210439921
CNAG_06757T1	4	0	0	0	0	0	0	4	0	0	0	0	0	199.0	424.0	650.0	149.0	1490.0	1031.0	487.0	435.0	545.0	316.0	493.0	624.0	3694	0.103902571588	0.0
CNAG_06757T1	5	2	0	0	0	0	0	3	0	0	0	0	0	199.0	424.0	650.0	149.0	1490.0	1031.0	487.0	435.0	545.0	316.0	493.0	624.0	3694	0.0584451965182	0.0
CNAG_06757T1	6	0	0	0	0	0	0	0	0	0	0	0	0	199.0	424.0	650.0	149.0	1490.0	1031.0	487.0	435.0	545.0	316.0	493.0	624.0	3694	0.0	0.0
CNAG_06757T1	7	0	0	0	0	0	0	1	0	0	0	0	0	199.0	424.0	650.0	149.0	1490.0	1031.0	487.0	435.0	545.0	316.0	493.0	624.0	3694	0.00649391072425	0.0
CNAG_06757T2	1	2	0	0	0	0	0	0	1	0	3	0	0	199.0	424.0	650.0	149.0	1490.0	1031.0	487.0	435.0	545.0	316.0	493.0	624.0	3694	0.0	0.00303026099803
CNAG_06757T2	2	1	0	0	0	0	0	1	0	0	6	0	1	199.0	424.0	650.0	149.0	1490.0	1031.0	487.0	435.0	545.0	316.0	493.0	624.0	3694	0.00649391072425	0.0121210439921
CNAG_06757T2	3	0	0	0	0	0	0	4	0	0	0	0	0	199.0	424.0	650.0	149.0	1490.0	1031.0	487.0	435.0	545.0	316.0	493.0	624.0	3694	0.103902571588	0.0
CNAG_06757T2	4	2	0	0	0	0	0	3	0	0	0	0	0	199.0	424.0	650.0	149.0	1490.0	1031.0	487.0	435.0	545.0	316.0	493.0	624.0	3694	0.0584451965182	0.0
CNAG_06757T2	5	0	0	0	0	0	0	0	0	0	0	0	0	199.0	424.0	650.0	149.0	1490.0	1031.0	487.0	435.0	545.0	316.0	493.0	624.0	3694	0.0	0.0
CNAG_06757T2	6	0	0	0	0	0	0	1	0	0	0	0	0	199.0	424.0	650.0	149.0	1490.0	1031.0	487.0	435.0	545.0	316.0	493.0	624.0	3694	0.00649391072425	0.0
CNAG_06757T2	7	1	0	0	0	0	0	0	0	0	0	0	0	199.0	424.0	650.0	149.0	1490.0	1031.0	487.0	435.0	545.0	316.0	493.0	624.0	3694	0.0	0.0
CNAG_06843T0	1	0	0	0	0	0	0	0	0	0	0	0	0	7.0	12.0	46.0	6.0	40.0	74.0	8.0	6.0	48.0	9.0	23.0	34.0	1453	0.0	0.0
CNAG_06863T0	1	0	0	0	0	0	0	0	0	0	0	0	0	17.0	45.0	143.0	5.0	70.0	96.0	45.0	59.0	138.0	18.0	20.0	64.0	2212	0.0	0.0
CNAG_06863T0	2	1	0	0	0	0	0	0	0	0	0	0	0	17.0	45.0	143.0	5.0	70.0	96.0	45.0	59.0	138.0	18.0	20.0	64.0	2212	0.0	0.0
CNAG_06863T0	3	0	0	0	0	0	0	0	0	0	0	0	0	17.0	45.0	143.0	5.0	70.0	96.0	45.0	59.0	138.0	18.0	20.0	64.0	2212	0.0	0.0
CNAG_06863T0	4	0	0	0	0	0	0	0	0	0	0	0	0	17.0	45.0	143.0	5.0	70.0	96.0	45.0	59.0	138.0	18.0	20.0	64.0	2212	0.0	0.0
CNAG_06954T0	1	0	0	0	0	0	0	0	0	0	0	0	0													3904		
CNAG_06954T0	2	0	0	0	0	0	0	0	0	0	0	0	0													3904		
CNAG_06954T0	3	0	0	0	0	0	0	0	0	0	0	0	0													3904		
CNAG_06954T0	4	0	0	0	0	0	0	0	0	0	0	0	0													3904		
CNAG_06955T0	1	0	0	0	0	0	0	0	0	0	0	0	0													1046		
CNAG_06955T0	2	0	0	0	0	0	0	0	0	0	0	0	0													1046		
CNAG_06955T0	3	0	0	0	0	0	0	0	0	0	0	0	0													1046		
CNAG_06955T0	4	0	0	0	0	0	0	0	0	0	0	0	0													1046		
CNAG_06958T0	1	0	0	0	0	0	0	1	0	0	0	0	0													3904		
CNAG_06958T0	2	0	0	0	0	0	0	0	0	0	0	0	0													3904		
CNAG_06958T0	3	0	0	0	0	0	0	0	0	0	0	0	0													3904		
CNAG_06958T0	4	0	0	0	0	0	0	0	0	0	0	0	0													3904		
CNAG_07026T0	1	1	0	1	0	0	0	0	0	0	0	0	0	36.0	59.0	31.0	1.0	9.0	21.0	43.0	35.0	47.0	10.0	3.0	14.0	1329	0.0	0.0
CNAG_07026T0	2	1	0	0	0	0	0	0	1	0	0	0	0	36.0	59.0	31.0	1.0	9.0	21.0	43.0	35.0	47.0	10.0	3.0	14.0	1329	0.0	0.0
CNAG_07041T0	1	0	0	0	0	0	0	0	0	0	0	0	0	4.0	3.0	9.0	2.0	21.0	16.0	7.0	7.0	8.0	7.0	3.0	13.0	1319	0.0	0.0
CNAG_07358T0	1	0	0	0	0	0	0	2	0	0	0	0	0	21.0	48.0	77.0	23.0	138.0	76.0	45.0	45.0	63.0	28.0	36.0	44.0	4151	0.251097881338	0.0
CNAG_07358T0	2	0	0	0	0	0	0	0	0	0	0	0	0	21.0	48.0	77.0	23.0	138.0	76.0	45.0	45.0	63.0	28.0	36.0	44.0	4151	0.0	0.0
CNAG_07358T0	3	0	0	0	0	0	0	1	0	0	0	0	0	21.0	48.0	77.0	23.0	138.0	76.0	45.0	45.0	63.0	28.0	36.0	44.0	4151	0.0627744703344	0.0
CNAG_07358T0	4	0	0	0	0	0	0	0	0	0	0	0	0	21.0	48.0	77.0	23.0	138.0	76.0	45.0	45.0	63.0	28.0	36.0	44.0	4151	0.0	0.0
CNAG_07358T0	5	0	0	0	0	0	0	0	0	0	0	0	0	21.0	48.0	77.0	23.0	138.0	76.0	45.0	45.0	63.0	28.0	36.0	44.0	4151	0.0	0.0
CNAG_07358T0	6	0	0	0	0	0	0	0	0	0	0	0	0	21.0	48.0	77.0	23.0	138.0	76.0	45.0	45.0	63.0	28.0	36.0	44.0	4151	0.0	0.0
CNAG_07421T0	1	0	0	0	0	0	0	0	0	0	0	0	0	47.0	56.0	85.0	15.0	95.0	110.0	58.0	29.0	56.0	46.0	43.0	62.0	1787	0.0	0.0
CNAG_07421T0	2	0	0	0	0	0	0	0	0	0	0	0	0	47.0	56.0	85.0	15.0	95.0	110.0	58.0	29.0	56.0	46.0	43.0	62.0	1787	0.0	0.0
CNAG_07447T0	1	0	0	0	0	0	0	0	0	0	0	0	0	27.0	24.0	74.0	7.0	28.0	50.0	29.0	12.0	35.0	24.0	19.0	28.0	1096	0.0	0.0
CNAG_07447T0	2	0	0	0	0	0	0	0	0	0	0	0	0	27.0	24.0	74.0	7.0	28.0	50.0	29.0	12.0	35.0	24.0	19.0	28.0	1096	0.0	0.0
CNAG_07447T0	3	0	0	0	0	0	0	0	0	0	0	0	0	27.0	24.0	74.0	7.0	28.0	50.0	29.0	12.0	35.0	24.0	19.0	28.0	1096	0.0	0.0
CNAG_07528T0	1	0	0	0	0	1	0	0	0	0	0	0	1	16.0	28.0	73.0	49.0	326.0	186.0	28.0	37.0	73.0	60.0	108.0	109.0	1641	0.0	0.0
CNAG_07575T0	1	5	0	0	0	0	0	0	0	0	0	0	0	52.0	135.0	78.0	21.0	194.0	70.0	158.0	195.0	89.0	34.0	35.0	53.0	1681	0.0	0.0
CNAG_07575T0	2	0	0	0	0	0	0	1	0	0	0	0	0	52.0	135.0	78.0	21.0	194.0	70.0	158.0	195.0	89.0	34.0	35.0	53.0	1681	0.014486416231	0.0
CNAG_07575T0	3	1	0	0	0	0	0	0	0	0	0	0	0	52.0	135.0	78.0	21.0	194.0	70.0	158.0	195.0	89.0	34.0	35.0	53.0	1681	0.0	0.0
CNAG_07575T0	4	1	0	0	0	0	0	1	0	0	0	0	0	52.0	135.0	78.0	21.0	194.0	70.0	158.0	195.0	89.0	34.0	35.0	53.0	1681	0.014486416231	0.0
CNAG_07575T1	1	5	0	0	0	0	0	0	0	0	0	0	0	52.0	135.0	78.0	21.0	194.0	70.0	158.0	195.0	89.0	34.0	35.0	53.0	1681	0.0	0.0
CNAG_07575T1	2	0	0	0	0	0	0	1	0	0	0	0	0	52.0	135.0	78.0	21.0	194.0	70.0	158.0	195.0	89.0	34.0	35.0	53.0	1681	0.014486416231	0.0
CNAG_07575T1	3	0	0	0	0	0	0	0	0	0	0	0	0	52.0	135.0	78.0	21.0	194.0	70.0	158.0	195.0	89.0	34.0	35.0	53.0	1681	0.0	0.0
CNAG_07575T1	4	1	0	0	0	0	0	0	0	0	0	0	0	52.0	135.0	78.0	21.0	194.0	70.0	158.0	195.0	89.0	34.0	35.0	53.0	1681	0.0	0.0
CNAG_07575T1	5	1	0	0	0	0	0	1	0	0	0	0	0	52.0	135.0	78.0	21.0	194.0	70.0	158.0	195.0	89.0	34.0	35.0	53.0	1681	0.014486416231	0.0
CNAG_07596T0	1	0	0	0	0	0	0	0	1	0	0	0	0	7.0	19.0	28.0	3.0	68.0	28.0	144.0	185.0	40.0	15.0	14.0	22.0	863	0.0	0.0
CNAG_07596T0	2	1	0	0	0	0	0	0	1	0	0	0	1	7.0	19.0	28.0	3.0	68.0	28.0	144.0	185.0	40.0	15.0	14.0	22.0	863	0.0	0.0
CNAG_07613T0	1	0	0	0	0	0	0	0	0	0	1	0	0	26.0	48.0	101.0	6.0	67.0	98.0	35.0	31.0	78.0	25.0	36.0	34.0	918	0.0	0.00461086009886
CNAG_07613T0	2	0	0	0	0	0	0	0	0	0	1	0	0	26.0	48.0	101.0	6.0	67.0	98.0	35.0	31.0	78.0	25.0	36.0	34.0	918	0.0	0.00461086009886
CNAG_07644T0	1	0	0	0	0	0	0	0	0	0	0	0	0	9.0	9.0	55.0	24.0	80.0	136.0	30.0	21.0	78.0	32.0	6.0	95.0	755	0.0	0.0
CNAG_07650T0	1	3	0	0	0	0	0	0	0	0	0	0	0	103.0	113.0	67.0	41.0	127.0	88.0	152.0	59.0	46.0	125.0	67.0	52.0	652	0.0	0.0
CNAG_07650T0	2	1	1	0	0	0	1	0	1	0	1	1	0	103.0	113.0	67.0	41.0	127.0	88.0	152.0	59.0	46.0	125.0	67.0	52.0	652	0.0	0.00247747706804
CNAG_07684T0	1	0	0	0	0	0	0	0	1	0	0	0	0	88.0	167.0	102.0	85.0	537.0	176.0	228.0	180.0	116.0	127.0	219.0	190.0	760	0.0	0.0
CNAG_07713T0	1	0	0	0	0	0	0	0	0	0	0	0	0	2.0	5.0	93.0	11.0	7.0	85.0	13.0	9.0	102.0	9.0	5.0	37.0	1121	0.0	0.0
CNAG_07729T0	1	0	0	0	0	0	0	0	0	0	0	0	0	9.0	5.0	30.0	6.0	32.0	50.0	11.0	7.0	39.0	16.0	12.0	37.0	980	0.0	0.0
CNAG_07729T0	2	0	0	0	0	0	0	0	0	0	0	0	0	9.0	5.0	30.0	6.0	32.0	50.0	11.0	7.0	39.0	16.0	12.0	37.0	980	0.0	0.0
CNAG_07733T0	1	0	0	0	0	0	0	0	0	0	0	0	0	197.0	204.0	221.0	35.0	117.0	137.0	710.0	370.0	357.0	90.0	35.0	55.0	2071	0.0	0.0
CNAG_07733T0	2	0	0	0	0	0	0	0	0	0	0	0	0	197.0	204.0	221.0	35.0	117.0	137.0	710.0	370.0	357.0	90.0	35.0	55.0	2071	0.0	0.0
CNAG_07788T0	1	0	0	0	0	0	0	0	0	0	0	0	0	4.0	6.0	27.0		6.0	22.0	2.0	2.0	31.0	1.0	2.0	13.0	721	0.0	0.0
CNAG_07819T0	1	0	0	0	0	0	0	0	0	0	0	0	0	42.0	40.0	23.0	41.0	269.0	51.0	142.0	138.0	34.0	50.0	63.0	81.0	1324	0.0	0.0
CNAG_07836T0	1	0	0	0	0	0	0	0	0	0	0	0	0													2617		
CNAG_07836T0	2	0	0	0	0	0	0	0	0	0	0	0	0													2617		
CNAG_07836T0	3	0	0	0	0	0	0	0	0	0	0	0	0													2617		
CNAG_07836T0	4	0	0	0	0	0	0	0	0	0	0	0	0													2617		
CNAG_07836T0	5	0	0	0	0	0	0	0	0	0	0	0	0													2617		
CNAG_07836T0	6	0	0	0	0	0	0	0	0	0	0	0	0													2617		
CNAG_07836T0	7	0	0	0	0	0	0	0	0	0	0	0	0													2617		
CNAG_07836T0	8	0	0	0	0	0	0	0	0	0	0	0	0													2617		
CNAG_07888T0	1	5	0	0	2	0	0	18	2	0	3	1	0	413.0	1159.0	6844.0	446.0	2546.0	4814.0	993.0	845.0	8426.0	482.0	464.0	3465.0	1014	1.0831381982	0.00321965231041
CNAG_07946T0	1	0	0	0	0	0	0	0	0	0	0	0	0	1.0	7.0	22.0	10.0	118.0	17.0	15.0	18.0	16.0	4.0	17.0	21.0	1558	0.0	0.0
CNAG_07946T0	2	0	0	0	0	0	0	1	0	1	0	0	0	1.0	7.0	22.0	10.0	118.0	17.0	15.0	18.0	16.0	4.0	17.0	21.0	1558	0.156936175836	0.0
